{
	"info": {
		"_postman_id": "588b719d-8fcd-457b-8fb2-5517747e9bac",
		"name": "LOG430 Labo03",
		"schema": "https://schema.getpostman.com/json/collection/v2.1.0/collection.json",
		"_exporter_id": "6052895"
	},
	"item": [
		{
			"name": "Stocks",
			"item": [
				{
					"name": "/stocks",
					"request": {
						"method": "POST",
						"header": [],
						"body": {
							"mode": "raw",
							"raw": "{\n    \"product_id\": 1,\n    \"quantity\": 56\n}",
							"options": {
								"raw": {
									"language": "json"
								}
							}
						},
						"url": {
							"raw": "{{baseURL}}/stocks",
							"host": [
								"{{baseURL}}"
							],
							"path": [
								"stocks"
							]
						}
					},
					"response": []
				},
				{
					"name": "/stocks/:id",
					"request": {
						"method": "GET",
						"header": [],
						"url": {
							"raw": "{{baseURL}}/stocks/1",
							"host": [
								"{{baseURL}}"
							],
							"path": [
								"stocks",
								"1"
							]
						}
					},
					"response": []
				},
				{
					"name": "/stocks/reports/overview-stocks",
					"request": {
						"method": "GET",
						"header": [],
						"url": {
							"raw": "{{baseURL}}/stocks/reports/overview-stocks",
							"host": [
								"{{baseURL}}"
							],
							"path": [
								"stocks",
								"reports",
								"overview-stocks"
							]
						}
					},
					"response": []
				},
				{
					"name": "/stocks/graphql-query",
					"request": {
						"method": "POST",
						"header": [],
						"body": {
							"mode": "graphql",
							"graphql": {
								"query": "{\n  product(id: \"1\") {\n    id\n    name\n    quantity\n  }\n}\n",
								"variables": ""
							}
						},
						"url": {
							"raw": "{{baseURL}}/stocks/graphql-query",
							"host": [
								"{{baseURL}}"
							],
							"path": [
								"stocks",
								"graphql-query"
							]
						}
					},
					"response": []
				}
			]
		},
		{
			"name": "Orders",
			"item": [
				{
					"name": "/orders",
					"request": {
						"method": "POST",
						"header": [],
						"body": {
							"mode": "raw",
							"raw": "{\n    \"user_id\": 1,\n    \"items\": [{\"product_id\": 1, \"quantity\": 2}]\n}",
							"options": {
								"raw": {
									"language": "json"
								}
							}
						},
						"url": {
							"raw": "{{baseURL}}/orders",
							"host": [
								"{{baseURL}}"
							],
							"path": [
								"orders"
							]
						}
					},
					"response": []
				},
				{
					"name": "/orders",
					"request": {
						"method": "DELETE",
						"header": [],
						"url": {
							"raw": "{{baseURL}}/orders/3282",
							"host": [
								"{{baseURL}}"
							],
							"path": [
								"orders",
								"3282"
							]
						}
					},
					"response": []
				},
				{
					"name": "/orders/:id",
					"request": {
						"method": "GET",
						"header": [],
						"url": {
							"raw": "{{baseURL}}/orders/6",
							"host": [
								"{{baseURL}}"
							],
							"path": [
								"orders",
								"6"
							]
						}
					},
					"response": []
				},
				{
					"name": "/orders/reports/highest-spenders",
					"request": {
						"method": "GET",
						"header": [],
						"url": {
							"raw": "{{baseURL}}/orders/reports/highest-spenders",
							"host": [
								"{{baseURL}}"
							],
							"path": [
								"orders",
								"reports",
								"highest-spenders"
							]
						}
					},
					"response": []
				},
				{
					"name": "/orders/reports/best-sellers",
					"request": {
						"method": "GET",
						"header": [],
						"url": {
							"raw": "{{baseURL}}/orders/reports/best-sellers",
							"host": [
								"{{baseURL}}"
							],
							"path": [
								"orders",
								"reports",
								"best-sellers"
							]
						}
					},
					"response": []
				}
			]
		},
		{
			"name": "Products",
			"item": [
				{
					"name": "/products",
					"request": {
						"method": "POST",
						"header": [],
						"body": {
							"mode": "raw",
							"raw": "{\n    \"name\": \"Some item\",\n    \"sku\": \"ABCDEF1236\",\n    \"price\": 5.55\n}",
							"options": {
								"raw": {
									"language": "json"
								}
							}
						},
						"url": {
							"raw": "{{baseURL}}/products",
							"host": [
								"{{baseURL}}"
							],
							"path": [
								"products"
							]
						}
					},
					"response": []
				},
				{
					"name": "/products/:id",
					"request": {
						"method": "DELETE",
						"header": [],
						"url": {
							"raw": "{{baseURL}}/products/99",
							"host": [
								"{{baseURL}}"
							],
							"path": [
								"products",
								"99"
							]
						}
					},
					"response": []
				},
				{
					"name": "/products/:id",
					"request": {
						"method": "GET",
						"header": [],
						"url": {
							"raw": "{{baseURL}}/products/1",
							"host": [
								"{{baseURL}}"
							],
							"path": [
								"products",
								"1"
							]
						}
					},
					"response": []
				}
			]
		},
		{
			"name": "Users",
			"item": [
				{
					"name": "/users",
					"request": {
						"method": "POST",
						"header": [],
						"body": {
							"mode": "raw",
							"raw": "{\n    \"name\": \"Jane Doe\",\n    \"email\": \"jd@example.ca\"\n}",
							"options": {
								"raw": {
									"language": "json"
								}
							}
						},
						"url": {
							"raw": "{{baseURL}}/users",
							"host": [
								"{{baseURL}}"
							],
							"path": [
								"users"
							]
						}
					},
					"response": []
				},
				{
					"name": "/users/:id",
					"request": {
						"method": "DELETE",
						"header": [],
						"url": {
							"raw": "{{baseURL}}/users/99",
							"host": [
								"{{baseURL}}"
							],
							"path": [
								"users",
								"99"
							]
						}
					},
					"response": []
				},
				{
					"name": "/users/:id",
					"request": {
						"method": "GET",
						"header": [],
						"url": {
							"raw": "{{baseURL}}/users/1",
							"host": [
								"{{baseURL}}"
							],
							"path": [
								"users",
								"1"
							]
						}
					},
					"response": []
				}
			]
		},
		{
			"name": "Observability",
			"item": [
				{
					"name": "/health-check",
					"request": {
						"method": "GET",
						"header": [],
						"url": {
							"raw": "{{baseURL}}/health-check",
							"host": [
								"{{baseURL}}"
							],
							"path": [
								"health-check"
							]
						}
					},
					"response": []
				}
			]
		}
	],
	"variable": [
		{
			"key": "baseURL",
			"value": "localhost:5000",
			"type": "default"
		}
	]
}